id,type,average_value,standard_deviation
1,継続,"4.304803273769770 
",1.073302135267300
2,目的共有,4.878283349959030,0.857102602862740
3,個別対応,4.759578602507980,0.742966282232823
4,傾聴,4.336042568796560,1.265716005197680
5,質問,4.170506215419890,1.049499899154630
6,前進,4.702021624238390,0.888297353895694
7,全体,4.52520593911527,0.690956009974255
